date,platform,orders,revenue
2025-07-01,all,94.0,9552.42
2025-07-02,all,84.0,8229.21
2025-07-03,all,109.0,12062.13
2025-07-04,all,135.0,13328.34
2025-07-05,all,124.0,12281.7
2025-07-06,all,99.0,10006.12
2025-07-07,all,80.0,7834.4
2025-07-08,all,70.0,7913.25
2025-07-09,all,75.0,7258.04
2025-07-10,all,100.0,9631.18
2025-07-11,all,111.0,11124.62
2025-07-12,all,117.0,12035.29
2025-07-13,all,81.0,7680.47
2025-07-14,all,89.0,12187.87
2025-07-15,all,91.0,9656.29
2025-07-16,all,81.0,7967.59
2025-07-17,all,101.0,10837.18
2025-07-18,all,104.0,11594.13
2025-07-19,all,137.0,14686.85
2025-07-20,all,129.0,12741.74
2025-07-21,all,78.0,7664.74
2025-07-22,all,99.0,10322.97
2025-07-23,all,87.0,10138.64
2025-07-24,all,81.0,8625.21
2025-07-25,all,115.0,11533.89
2025-07-26,all,146.0,15030.96
2025-07-27,all,101.0,10591.31
2025-07-28,all,54.0,4781.51
2025-07-29,all,81.0,8152.85
2025-07-30,all,74.0,7329.45
2025-07-31,all,100.0,10819.34
2025-08-01,all,116.0,11650.28
2025-08-02,all,88.0,8341.24
2025-08-03,all,80.0,7469.6
2025-08-04,all,109.0,10935.82
2025-08-05,all,108.0,10176.18
2025-08-06,all,90.0,9516.31
2025-08-07,all,107.0,10416.15
2025-08-08,all,112.0,10808.69
2025-08-09,all,135.0,14130.31
2025-08-10,all,131.0,14741.32
2025-08-11,all,57.0,5893.57
2025-08-12,all,80.0,8477.97
2025-08-13,all,108.0,10952.84
2025-08-14,all,89.0,8609.48
2025-08-15,all,93.0,9636.27
2025-08-16,all,153.0,14573.17
2025-08-17,all,99.0,9489.01
2025-08-18,all,88.0,8382.34
2025-08-19,all,77.0,10711.27
2025-08-20,all,104.0,11589.66
2025-08-21,all,99.0,10595.71
2025-08-22,all,108.0,10357.03
2025-08-23,all,111.0,10686.79
2025-08-24,all,106.0,8685.22
2025-08-25,all,85.0,8167.4
2025-08-26,all,74.0,8150.02
2025-08-27,all,76.0,6792.59
2025-08-28,all,95.0,8722.41
2025-08-29,all,89.0,8079.23
2025-08-30,all,118.0,12329.61
2025-08-31,all,119.0,12764.42
2025-09-01,all,71.0,7612.92
2025-09-02,all,86.0,10263.66
2025-09-03,all,81.0,9621.98
2025-09-04,all,87.0,9043.14
2025-09-05,all,104.0,10473.07
2025-09-06,all,105.0,10024.73
2025-09-07,all,100.0,11261.75
2025-09-08,all,81.0,8826.02
2025-09-09,all,103.0,10717.87
2025-09-10,all,111.0,11455.28
2025-09-11,all,87.0,10572.45
2025-09-12,all,108.0,11169.45
2025-09-13,all,139.0,17964.36
2025-09-14,all,85.0,9597.74
2025-09-15,all,80.0,6908.35
2025-09-16,all,60.0,6681.54
2025-09-17,all,71.0,6200.95
2025-09-18,all,99.0,9038.25
2025-09-19,all,122.0,11841.47
2025-09-20,all,158.0,17958.22
2025-09-21,all,92.0,10293.65
2025-09-22,all,86.0,10305.45
2025-09-23,all,60.0,7466.33
2025-09-24,all,87.0,9288.06
2025-09-25,all,67.0,6377.94
2025-09-26,all,71.0,8750.05
2025-09-27,all,143.0,17246.65
2025-09-28,all,108.0,12527.44
2025-09-29,all,90.0,9573.19
2025-09-30,all,95.0,9966.92
2025-10-01,all,87.0,8410.7
2025-10-02,all,114.0,11559.54
2025-10-03,all,155.0,14469.33
2025-10-04,all,134.0,16198.94
2025-10-05,all,79.0,8808.55
2025-10-06,all,101.0,10596.85
2025-10-07,all,76.0,8566.17
2025-10-08,all,100.0,9445.9
2025-10-09,all,100.0,9875.7
2025-10-10,all,98.0,10734.03
2025-10-11,all,155.0,14442.45
2025-10-12,all,115.0,12857.74
2025-10-13,all,90.0,9236.81
2025-10-14,all,72.0,7279.67
2025-10-15,all,91.0,10661.32
2025-10-16,all,93.0,9889.78
2025-10-17,all,88.0,9157.8
2025-10-18,all,148.0,15229.52
2025-10-19,all,102.0,11283.04
2025-10-20,all,89.0,11141.36
2025-10-21,all,101.0,10432.36
2025-10-22,all,97.0,8869.14
2025-10-23,all,72.0,8967.06
2025-10-24,all,109.0,11809.34
2025-10-25,all,133.0,14574.48
2025-10-26,all,78.0,8193.84
2025-10-27,all,53.0,5421.31
2025-10-28,all,87.0,8563.59
2025-10-29,all,73.0,7316.48
2025-10-30,all,110.0,11324.49
2025-10-31,all,101.0,10616.62
2025-11-01,all,139.0,14551.6
2025-11-02,all,83.0,10492.24
2025-11-03,all,96.0,8649.58
2025-11-04,all,73.0,9020.11
2025-11-05,all,78.0,8533.66
2025-11-06,all,95.0,9603.3
2025-11-07,all,147.0,14951.21
2025-11-08,all,110.0,11488.79
2025-11-09,all,81.0,9646.49
2025-11-10,all,64.0,6855.37
2025-11-11,all,75.0,7835.16
2025-11-12,all,92.0,10319.32
2025-11-13,all,72.0,7249.36
2025-11-14,all,135.0,14667.46
2025-11-15,all,119.0,11687.4
2025-11-16,all,90.0,8874.83
2025-11-17,all,66.0,6554.72
2025-11-18,all,82.0,8696.44
2025-11-19,all,91.0,7818.88
2025-11-20,all,86.0,9180.17
2025-11-21,all,143.0,15042.54
2025-11-22,all,91.0,9859.94
2025-11-23,all,74.0,8005.83
2025-11-24,all,89.0,9661.4
2025-11-25,all,87.0,8633.8
2025-11-26,all,73.0,6608.88
2025-11-27,all,79.0,9517.59
2025-11-28,all,102.0,10613.94
2025-11-29,all,97.0,10118.13
2025-11-30,all,67.0,6466.67
2025-12-01,all,69.0,8389.22
2025-12-02,all,74.0,6329.95
2025-12-03,all,64.0,5584.38
2025-12-04,all,72.0,7252.65
2025-12-05,all,107.0,12558.78
2025-12-06,all,134.0,13590.2
2025-12-07,all,94.0,9896.82
2025-12-08,all,85.0,10321.93
2025-12-09,all,64.0,6749.19
2025-12-10,all,68.0,6003.15
2025-12-11,all,109.0,10236.16
2025-12-12,all,108.0,12242.97
2025-12-13,all,90.0,8455.28
2025-12-14,all,94.0,10510.54
2025-12-15,all,73.0,7985.65
2025-12-16,all,78.0,9334.3
2025-12-17,all,69.0,6324.39
2025-12-18,all,73.0,8601.78
2025-12-19,all,96.0,9098.03
2025-12-20,all,137.0,15082.61
2025-12-21,all,85.0,9969.27
2025-12-22,all,70.0,6905.88
2025-12-23,all,70.0,8862.48
2025-12-24,all,56.0,6736.0
2025-12-25,all,0.0,0.0
2025-12-26,all,86.0,9127.17
2025-12-27,all,132.0,14404.57
2025-12-28,all,90.0,9189.49
2025-12-29,all,69.0,7764.66
2025-12-30,all,97.0,10499.79
2025-12-31,all,90.0,9633.52
2026-01-01,all,90.0,10143.06
2026-01-02,all,92.0,10183.21
2026-01-03,all,147.0,16765.15
2026-01-04,all,98.0,10880.57
2026-01-05,all,84.0,8843.28
2026-01-06,all,66.0,6332.74
2026-01-07,all,100.0,9089.34
2026-01-08,all,75.0,8012.41
2026-01-09,all,114.0,11045.55
2026-01-10,all,149.0,16716.87
2026-01-11,all,92.0,8585.57
2026-01-12,all,66.0,5549.08
2026-01-13,all,104.0,11492.4
2026-01-14,all,109.0,12525.98
2026-01-15,all,88.0,9910.96
2026-01-16,all,132.0,13266.77
2026-01-17,all,156.0,16729.47
2026-01-18,all,74.0,7556.87
2026-01-19,all,75.0,7564.6
2026-01-20,all,75.0,7129.0
2026-01-21,all,96.0,9099.42
2026-01-22,all,86.0,9847.63
2026-01-23,all,107.0,12919.63
2026-01-24,all,122.0,13858.57
2026-01-25,all,58.0,6447.47
2026-01-26,all,57.0,6219.67
2026-01-27,all,98.0,10917.35
2026-01-28,all,87.0,9300.13
2026-01-29,all,111.0,10558.27
2026-01-30,all,136.0,15271.46
2026-01-31,all,153.0,15796.56
2026-02-01,all,88.0,8743.63
2026-02-02,all,58.0,7540.12
2026-02-03,all,75.0,8284.58
2026-02-04,all,90.0,8167.27
2026-02-05,all,94.0,10323.58
2026-02-06,all,120.0,12655.57
2026-02-07,all,135.0,13769.54
2026-02-08,all,99.0,11028.95
2026-02-09,all,115.0,13622.13
2026-02-10,all,64.0,6448.17
2026-02-11,all,64.0,7771.44
2026-02-12,all,106.0,10601.51
2026-02-13,all,141.0,16265.91
2026-02-14,all,262.0,26602.65
2026-02-15,all,90.0,8530.41
2026-02-16,all,62.0,6422.43
2026-02-17,all,92.0,8780.58
2026-02-18,all,97.0,9936.42
2026-02-19,all,78.0,9171.55
2026-02-20,all,108.0,11156.01
2026-02-21,all,158.0,15762.23
2026-02-22,all,88.0,9675.19
2026-02-23,all,77.0,8154.99
2026-02-24,all,102.0,11636.44
2026-02-25,all,58.0,5231.11
2026-02-26,all,81.0,9094.96
2026-02-27,all,139.0,13966.21
2026-02-28,all,112.0,10962.38
2026-03-01,all,111.0,13101.09
2026-03-02,all,56.0,4796.09
2026-03-03,all,78.0,8401.52
2026-03-04,all,105.0,11548.41
2026-03-05,all,99.0,9956.35
2026-03-06,all,130.0,15749.5
2026-03-07,all,186.0,18311.67
2026-03-08,all,109.0,10848.23
2026-03-09,all,73.0,8683.28
2026-03-10,all,70.0,7558.79
2026-03-11,all,89.0,11212.27
2026-03-12,all,96.0,9823.3
2026-03-13,all,105.0,10004.58
2026-03-14,all,124.0,12102.54
2026-03-15,all,72.0,7682.88
2026-03-16,all,70.0,6879.1
2026-03-17,all,55.0,6479.29
2026-03-18,all,107.0,12104.13
2026-03-19,all,101.0,10915.62
2026-03-20,all,168.0,18065.37
2026-03-21,all,147.0,14709.41
2026-03-22,all,103.0,10015.81
2026-03-23,all,64.0,5995.86
2026-03-24,all,65.0,6608.32
2026-03-25,all,75.0,7638.36
2026-03-26,all,110.0,10822.84
2026-03-27,all,133.0,14177.36
2026-03-28,all,181.0,20800.38
2026-03-29,all,87.0,8886.15
2026-03-30,all,87.0,8456.78
2026-03-31,all,94.0,11437.08
2026-04-01,all,80.0,8039.02
2026-04-02,all,121.0,14336.86
2026-04-03,all,116.0,12702.26
2026-04-04,all,152.0,16035.92
2026-04-05,all,83.0,7910.51
2026-04-06,all,79.0,7989.56
2026-04-07,all,79.0,7325.09
2026-04-08,all,90.0,10463.59
2026-04-09,all,82.0,8228.14
2026-04-10,all,138.0,16054.2
2026-04-11,all,122.0,10818.68
2026-04-12,all,97.0,11181.64
2026-04-13,all,104.0,9760.43
2026-04-14,all,92.0,8787.85
2026-04-15,all,48.0,4468.64
2026-04-16,all,102.0,12784.76
2026-04-17,all,103.0,9010.79
2026-04-18,all,168.0,16234.5
2026-04-19,all,97.0,10338.47
2026-04-20,all,81.0,7112.34
2026-04-21,all,74.0,6914.47
2026-04-22,all,81.0,9258.97
2026-04-23,all,91.0,10328.62
2026-04-24,all,100.0,10745.47
2026-04-25,all,120.0,11826.85
2026-04-26,all,85.0,7823.8
2026-04-27,all,71.0,5961.01
2026-04-28,all,106.0,11932.24
2026-04-29,all,102.0,11962.45
2026-04-30,all,89.0,8763.18
2026-05-01,all,132.0,13348.22
2026-05-02,all,136.0,14547.0
2026-05-03,all,90.0,8481.35
2026-05-04,all,75.0,8775.82
2026-05-05,all,69.0,8237.38
2026-05-06,all,77.0,7022.05
2026-05-07,all,72.0,6821.64
2026-05-08,all,88.0,7994.41
2026-05-09,all,144.0,15139.86
2026-05-10,all,159.0,16749.19
2026-05-11,all,70.0,7237.52
2026-05-12,all,85.0,8501.33
2026-05-13,all,88.0,9559.07
2026-05-14,all,122.0,14112.66
2026-05-15,all,151.0,15663.96
2026-05-16,all,122.0,12001.99
2026-05-17,all,114.0,11269.1
2026-05-18,all,65.0,7392.12
2026-05-19,all,69.0,7945.62
2026-05-20,all,72.0,6847.41
2026-05-21,all,104.0,10983.32
2026-05-22,all,120.0,14948.77
2026-05-23,all,89.0,10368.61
2026-05-24,all,90.0,10058.87
2026-05-25,all,87.0,9614.18
2026-05-26,all,72.0,7031.86
2026-05-27,all,92.0,9312.82
2026-05-28,all,109.0,10561.91
2026-05-29,all,129.0,11865.16
2026-05-30,all,138.0,13071.25
2026-05-31,all,84.0,7559.71
2026-06-01,all,82.0,8308.33
2026-06-02,all,54.0,5160.09
2026-06-03,all,51.0,5306.7
2026-06-04,all,101.0,9923.87
2026-06-05,all,123.0,12858.65
2026-06-06,all,115.0,11622.08
2026-06-07,all,111.0,13725.95
2026-06-08,all,92.0,10076.5
2026-06-09,all,68.0,6423.78
2026-06-10,all,81.0,8505.91
2026-06-11,all,97.0,10214.7
2026-06-12,all,135.0,14982.62
2026-06-13,all,133.0,14439.91
2026-06-14,all,93.0,9587.93
2026-06-15,all,63.0,6493.31
2026-06-16,all,91.0,9169.93
2026-06-17,all,90.0,9805.54
2026-06-18,all,107.0,10705.3
2026-06-19,all,112.0,11596.61
2026-06-20,all,113.0,11424.96
2026-06-21,all,139.0,14788.2
2026-06-22,all,61.0,5352.75
2026-06-23,all,86.0,8984.2
2026-06-24,all,101.0,10568.2
2026-06-25,all,87.0,10133.87
2026-06-26,all,94.0,9076.86
2026-06-27,all,103.0,8367.21
2026-06-28,all,91.0,8817.26
2026-06-29,all,102.0,11763.7
2026-06-30,all,93.0,8513.51
2026-07-01,all,91.0,7810.79
2026-07-02,all,71.0,6567.73
2026-07-03,all,157.0,17239.21
2026-07-04,all,108.0,9664.12
2026-07-05,all,103.0,10845.78
2026-07-06,all,86.0,7217.36
2026-07-07,all,89.0,8568.97
2026-07-08,all,93.0,7738.93
2026-07-09,all,89.0,9820.2
2026-07-10,all,104.0,10845.47
2026-07-11,all,135.0,15188.23
2026-07-12,all,107.0,10499.87
2026-07-13,all,72.0,8102.14
2026-07-14,all,102.0,10456.6
2026-07-15,all,91.0,8486.81
2025-07-01,dine-in,62.0,7139.53
2025-07-02,dine-in,48.0,5758.33
2025-07-03,dine-in,79.0,10212.31
2025-07-04,dine-in,106.0,11365.97
2025-07-05,dine-in,82.0,9817.4
2025-07-06,dine-in,72.0,8517.28
2025-07-07,dine-in,53.0,5292.87
2025-07-08,dine-in,48.0,5991.47
2025-07-09,dine-in,47.0,5637.24
2025-07-10,dine-in,67.0,7298.8
2025-07-11,dine-in,77.0,8816.61
2025-07-12,dine-in,79.0,9031.89
2025-07-13,dine-in,60.0,6002.31
2025-07-14,dine-in,71.0,10945.51
2025-07-15,dine-in,61.0,7482.23
2025-07-16,dine-in,55.0,5659.88
2025-07-17,dine-in,73.0,8885.62
2025-07-18,dine-in,64.0,8110.48
2025-07-19,dine-in,82.0,9049.5
2025-07-20,dine-in,92.0,9786.64
2025-07-21,dine-in,55.0,6252.09
2025-07-22,dine-in,66.0,7375.1
2025-07-23,dine-in,59.0,7812.2
2025-07-24,dine-in,54.0,6726.62
2025-07-25,dine-in,72.0,7858.01
2025-07-26,dine-in,96.0,10779.02
2025-07-27,dine-in,76.0,9273.89
2025-07-28,dine-in,34.0,3620.4
2025-07-29,dine-in,53.0,6227.9
2025-07-30,dine-in,50.0,5995.12
2025-07-31,dine-in,60.0,7357.31
2025-08-01,dine-in,75.0,8393.62
2025-08-02,dine-in,52.0,5682.96
2025-08-03,dine-in,46.0,4754.48
2025-08-04,dine-in,80.0,8825.41
2025-08-05,dine-in,73.0,7827.01
2025-08-06,dine-in,66.0,7832.09
2025-08-07,dine-in,75.0,8384.0
2025-08-08,dine-in,55.0,7144.52
2025-08-09,dine-in,93.0,11376.42
2025-08-10,dine-in,97.0,12289.36
2025-08-11,dine-in,40.0,4271.42
2025-08-12,dine-in,56.0,6882.78
2025-08-13,dine-in,72.0,8248.5
2025-08-14,dine-in,66.0,7362.71
2025-08-15,dine-in,62.0,7387.71
2025-08-16,dine-in,104.0,11176.5
2025-08-17,dine-in,71.0,7074.27
2025-08-18,dine-in,40.0,5429.73
2025-08-19,dine-in,62.0,9229.46
2025-08-20,dine-in,74.0,9346.8
2025-08-21,dine-in,66.0,8416.7
2025-08-22,dine-in,80.0,8398.64
2025-08-23,dine-in,69.0,7685.5
2025-08-24,dine-in,61.0,5674.51
2025-08-25,dine-in,52.0,5731.11
2025-08-26,dine-in,50.0,6563.65
2025-08-27,dine-in,44.0,4326.33
2025-08-28,dine-in,53.0,5414.76
2025-08-29,dine-in,55.0,5809.63
2025-08-30,dine-in,73.0,9237.03
2025-08-31,dine-in,79.0,10079.5
2025-09-01,dine-in,57.0,6717.6
2025-09-02,dine-in,70.0,9048.69
2025-09-03,dine-in,59.0,8211.04
2025-09-04,dine-in,50.0,6005.08
2025-09-05,dine-in,68.0,7863.69
2025-09-06,dine-in,69.0,7617.25
2025-09-07,dine-in,72.0,8729.21
2025-09-08,dine-in,59.0,7404.19
2025-09-09,dine-in,61.0,7753.56
2025-09-10,dine-in,90.0,9990.55
2025-09-11,dine-in,55.0,7963.77
2025-09-12,dine-in,66.0,8364.79
2025-09-13,dine-in,103.0,14833.77
2025-09-14,dine-in,53.0,6897.81
2025-09-15,dine-in,51.0,5096.29
2025-09-16,dine-in,41.0,5532.21
2025-09-17,dine-in,43.0,4198.68
2025-09-18,dine-in,65.0,6904.81
2025-09-19,dine-in,83.0,9445.38
2025-09-20,dine-in,111.0,14474.39
2025-09-21,dine-in,64.0,8390.42
2025-09-22,dine-in,54.0,7988.65
2025-09-23,dine-in,37.0,5215.23
2025-09-24,dine-in,63.0,7471.6
2025-09-25,dine-in,45.0,4543.2
2025-09-26,dine-in,48.0,6801.28
2025-09-27,dine-in,110.0,14504.36
2025-09-28,dine-in,77.0,9819.15
2025-09-29,dine-in,61.0,6796.86
2025-09-30,dine-in,67.0,8280.38
2025-10-01,dine-in,60.0,6447.74
2025-10-02,dine-in,76.0,9165.47
2025-10-03,dine-in,108.0,10805.49
2025-10-04,dine-in,95.0,13288.63
2025-10-05,dine-in,61.0,7237.14
2025-10-06,dine-in,74.0,8626.64
2025-10-07,dine-in,48.0,5649.38
2025-10-08,dine-in,71.0,7323.97
2025-10-09,dine-in,75.0,8077.47
2025-10-10,dine-in,65.0,8655.0
2025-10-11,dine-in,115.0,11665.57
2025-10-12,dine-in,85.0,10308.02
2025-10-13,dine-in,66.0,7835.01
2025-10-14,dine-in,48.0,5817.29
2025-10-15,dine-in,65.0,7952.94
2025-10-16,dine-in,74.0,8820.62
2025-10-17,dine-in,64.0,7526.66
2025-10-18,dine-in,114.0,12698.48
2025-10-19,dine-in,68.0,9194.49
2025-10-20,dine-in,72.0,10029.08
2025-10-21,dine-in,67.0,8375.02
2025-10-22,dine-in,76.0,7598.21
2025-10-23,dine-in,49.0,7309.18
2025-10-24,dine-in,68.0,8825.25
2025-10-25,dine-in,93.0,11181.7
2025-10-26,dine-in,52.0,6683.84
2025-10-27,dine-in,31.0,3629.74
2025-10-28,dine-in,57.0,6582.5
2025-10-29,dine-in,55.0,5936.75
2025-10-30,dine-in,77.0,8494.16
2025-10-31,dine-in,64.0,7605.2
2025-11-01,dine-in,93.0,11032.52
2025-11-02,dine-in,50.0,8248.9
2025-11-03,dine-in,76.0,7332.52
2025-11-04,dine-in,48.0,7547.43
2025-11-05,dine-in,59.0,7219.51
2025-11-06,dine-in,58.0,6475.39
2025-11-07,dine-in,99.0,11206.99
2025-11-08,dine-in,71.0,8951.3
2025-11-09,dine-in,64.0,8579.11
2025-11-10,dine-in,47.0,5181.82
2025-11-11,dine-in,52.0,6028.1
2025-11-12,dine-in,55.0,7452.73
2025-11-13,dine-in,41.0,4530.04
2025-11-14,dine-in,105.0,12851.86
2025-11-15,dine-in,86.0,9392.21
2025-11-16,dine-in,56.0,6581.05
2025-11-17,dine-in,35.0,4217.29
2025-11-18,dine-in,54.0,6656.04
2025-11-19,dine-in,51.0,5024.09
2025-11-20,dine-in,59.0,7045.44
2025-11-21,dine-in,94.0,10689.43
2025-11-22,dine-in,65.0,7980.76
2025-11-23,dine-in,47.0,6015.66
2025-11-24,dine-in,64.0,7435.74
2025-11-25,dine-in,63.0,7068.69
2025-11-26,dine-in,49.0,5218.69
2025-11-27,dine-in,52.0,7250.65
2025-11-28,dine-in,65.0,7767.29
2025-11-29,dine-in,59.0,7208.75
2025-11-30,dine-in,39.0,4263.54
2025-12-01,dine-in,45.0,6894.79
2025-12-02,dine-in,45.0,4329.35
2025-12-03,dine-in,35.0,3617.17
2025-12-04,dine-in,47.0,5289.92
2025-12-05,dine-in,81.0,10882.8
2025-12-06,dine-in,105.0,11753.9
2025-12-07,dine-in,66.0,7251.32
2025-12-08,dine-in,60.0,8286.34
2025-12-09,dine-in,37.0,4724.45
2025-12-10,dine-in,55.0,5109.73
2025-12-11,dine-in,79.0,8164.04
2025-12-12,dine-in,78.0,10447.63
2025-12-13,dine-in,69.0,6711.56
2025-12-14,dine-in,51.0,7298.15
2025-12-15,dine-in,46.0,6049.27
2025-12-16,dine-in,57.0,7408.43
2025-12-17,dine-in,46.0,4865.72
2025-12-18,dine-in,36.0,5723.16
2025-12-19,dine-in,59.0,6398.71
2025-12-20,dine-in,84.0,10943.49
2025-12-21,dine-in,64.0,8655.55
2025-12-22,dine-in,52.0,5701.4
2025-12-23,dine-in,51.0,7246.76
2025-12-24,dine-in,33.0,4735.68
2025-12-25,dine-in,0.0,0.0
2025-12-26,dine-in,54.0,6529.25
2025-12-27,dine-in,100.0,11345.21
2025-12-28,dine-in,51.0,6152.28
2025-12-29,dine-in,47.0,6303.58
2025-12-30,dine-in,71.0,8365.78
2025-12-31,dine-in,52.0,6339.38
2026-01-01,dine-in,64.0,8258.82
2026-01-02,dine-in,57.0,7387.83
2026-01-03,dine-in,115.0,14520.36
2026-01-04,dine-in,60.0,8480.76
2026-01-05,dine-in,62.0,7285.69
2026-01-06,dine-in,43.0,4617.78
2026-01-07,dine-in,69.0,7249.59
2026-01-08,dine-in,43.0,5610.68
2026-01-09,dine-in,71.0,8120.24
2026-01-10,dine-in,103.0,13554.5
2026-01-11,dine-in,59.0,6530.45
2026-01-12,dine-in,49.0,4493.64
2026-01-13,dine-in,75.0,9493.09
2026-01-14,dine-in,89.0,11130.58
2026-01-15,dine-in,56.0,7209.1
2026-01-16,dine-in,86.0,10093.15
2026-01-17,dine-in,119.0,14127.67
2026-01-18,dine-in,54.0,6198.2
2026-01-19,dine-in,55.0,5822.77
2026-01-20,dine-in,51.0,5648.64
2026-01-21,dine-in,72.0,8019.14
2026-01-22,dine-in,56.0,7048.72
2026-01-23,dine-in,79.0,10779.74
2026-01-24,dine-in,88.0,11232.16
2026-01-25,dine-in,42.0,5455.79
2026-01-26,dine-in,38.0,4877.34
2026-01-27,dine-in,70.0,8775.73
2026-01-28,dine-in,58.0,7088.38
2026-01-29,dine-in,76.0,8028.29
2026-01-30,dine-in,97.0,12745.54
2026-01-31,dine-in,104.0,12281.97
2026-02-01,dine-in,59.0,6743.72
2026-02-02,dine-in,37.0,5383.69
2026-02-03,dine-in,58.0,6968.14
2026-02-04,dine-in,56.0,6030.5
2026-02-05,dine-in,65.0,7853.5
2026-02-06,dine-in,81.0,10060.9
2026-02-07,dine-in,88.0,10805.4
2026-02-08,dine-in,81.0,9625.52
2026-02-09,dine-in,85.0,11341.15
2026-02-10,dine-in,44.0,5010.86
2026-02-11,dine-in,49.0,6299.22
2026-02-12,dine-in,86.0,9082.85
2026-02-13,dine-in,94.0,11785.53
2026-02-14,dine-in,209.0,22958.04
2026-02-15,dine-in,55.0,5957.15
2026-02-16,dine-in,44.0,5282.49
2026-02-17,dine-in,50.0,5134.42
2026-02-18,dine-in,65.0,7782.12
2026-02-19,dine-in,52.0,7109.36
2026-02-20,dine-in,73.0,8692.4
2026-02-21,dine-in,120.0,13045.73
2026-02-22,dine-in,64.0,7260.27
2026-02-23,dine-in,48.0,5931.92
2026-02-24,dine-in,69.0,9454.69
2026-02-25,dine-in,32.0,3650.24
2026-02-26,dine-in,50.0,6364.56
2026-02-27,dine-in,99.0,10555.3
2026-02-28,dine-in,77.0,8279.25
2026-03-01,dine-in,80.0,10973.61
2026-03-02,dine-in,35.0,3304.16
2026-03-03,dine-in,54.0,6739.9
2026-03-04,dine-in,80.0,9679.55
2026-03-05,dine-in,63.0,7270.96
2026-03-06,dine-in,97.0,13265.06
2026-03-07,dine-in,130.0,13868.28
2026-03-08,dine-in,69.0,7997.94
2026-03-09,dine-in,54.0,7429.0
2026-03-10,dine-in,56.0,6417.82
2026-03-11,dine-in,54.0,7946.72
2026-03-12,dine-in,61.0,7330.91
2026-03-13,dine-in,71.0,8366.6
2026-03-14,dine-in,99.0,10303.94
2026-03-15,dine-in,42.0,5373.5
2026-03-16,dine-in,51.0,5512.21
2026-03-17,dine-in,40.0,4922.2
2026-03-18,dine-in,80.0,10317.24
2026-03-19,dine-in,72.0,8984.39
2026-03-20,dine-in,130.0,15659.18
2026-03-21,dine-in,97.0,10673.92
2026-03-22,dine-in,74.0,8457.0
2026-03-23,dine-in,38.0,4403.8
2026-03-24,dine-in,46.0,5395.74
2026-03-25,dine-in,48.0,5219.43
2026-03-26,dine-in,71.0,8179.25
2026-03-27,dine-in,100.0,11830.48
2026-03-28,dine-in,146.0,17061.43
2026-03-29,dine-in,62.0,7057.84
2026-03-30,dine-in,64.0,7221.44
2026-03-31,dine-in,64.0,9317.09
2026-04-01,dine-in,50.0,5867.4
2026-04-02,dine-in,90.0,12335.27
2026-04-03,dine-in,73.0,9316.68
2026-04-04,dine-in,108.0,12957.52
2026-04-05,dine-in,54.0,6059.0
2026-04-06,dine-in,54.0,6259.88
2026-04-07,dine-in,47.0,4746.95
2026-04-08,dine-in,70.0,9081.68
2026-04-09,dine-in,52.0,5944.14
2026-04-10,dine-in,93.0,13019.89
2026-04-11,dine-in,71.0,7114.25
2026-04-12,dine-in,69.0,9611.2
2026-04-13,dine-in,69.0,7223.58
2026-04-14,dine-in,58.0,6270.95
2026-04-15,dine-in,28.0,3255.25
2026-04-16,dine-in,78.0,10890.57
2026-04-17,dine-in,55.0,5957.51
2026-04-18,dine-in,117.0,12627.25
2026-04-19,dine-in,76.0,9205.24
2026-04-20,dine-in,49.0,4769.58
2026-04-21,dine-in,46.0,4906.47
2026-04-22,dine-in,57.0,7639.97
2026-04-23,dine-in,63.0,8303.74
2026-04-24,dine-in,66.0,8407.31
2026-04-25,dine-in,84.0,8908.15
2026-04-26,dine-in,55.0,5839.11
2026-04-27,dine-in,34.0,3530.12
2026-04-28,dine-in,74.0,9637.62
2026-04-29,dine-in,68.0,9726.83
2026-04-30,dine-in,63.0,7200.53
2026-05-01,dine-in,98.0,10814.12
2026-05-02,dine-in,104.0,12335.32
2026-05-03,dine-in,64.0,6531.32
2026-05-04,dine-in,61.0,7901.81
2026-05-05,dine-in,47.0,5919.95
2026-05-06,dine-in,51.0,4963.14
2026-05-07,dine-in,49.0,5121.37
2026-05-08,dine-in,50.0,5464.03
2026-05-09,dine-in,104.0,11796.46
2026-05-10,dine-in,123.0,14095.87
2026-05-11,dine-in,35.0,4361.64
2026-05-12,dine-in,64.0,7141.36
2026-05-13,dine-in,57.0,6823.68
2026-05-14,dine-in,89.0,11894.25
2026-05-15,dine-in,106.0,12458.83
2026-05-16,dine-in,77.0,8705.69
2026-05-17,dine-in,80.0,8944.14
2026-05-18,dine-in,43.0,5909.21
2026-05-19,dine-in,49.0,6343.73
2026-05-20,dine-in,48.0,5197.71
2026-05-21,dine-in,69.0,7870.05
2026-05-22,dine-in,86.0,12389.85
2026-05-23,dine-in,60.0,8378.2
2026-05-24,dine-in,61.0,7870.38
2026-05-25,dine-in,60.0,7225.75
2026-05-26,dine-in,32.0,4223.88
2026-05-27,dine-in,61.0,7018.43
2026-05-28,dine-in,73.0,7977.14
2026-05-29,dine-in,71.0,8118.56
2026-05-30,dine-in,91.0,9839.46
2026-05-31,dine-in,61.0,6272.21
2026-06-01,dine-in,56.0,6612.74
2026-06-02,dine-in,32.0,4070.84
2026-06-03,dine-in,37.0,3994.21
2026-06-04,dine-in,73.0,7901.42
2026-06-05,dine-in,79.0,9953.02
2026-06-06,dine-in,82.0,9598.03
2026-06-07,dine-in,77.0,11288.52
2026-06-08,dine-in,63.0,7615.82
2026-06-09,dine-in,49.0,5133.0
2026-06-10,dine-in,50.0,6010.0
2026-06-11,dine-in,75.0,8754.36
2026-06-12,dine-in,98.0,12767.12
2026-06-13,dine-in,92.0,10967.35
2026-06-14,dine-in,58.0,7234.01
2026-06-15,dine-in,44.0,4941.15
2026-06-16,dine-in,60.0,6501.38
2026-06-17,dine-in,61.0,7259.69
2026-06-18,dine-in,73.0,8651.32
2026-06-19,dine-in,67.0,8155.91
2026-06-20,dine-in,81.0,9098.4
2026-06-21,dine-in,106.0,12413.98
2026-06-22,dine-in,32.0,2995.9
2026-06-23,dine-in,50.0,6025.66
2026-06-24,dine-in,73.0,8649.07
2026-06-25,dine-in,67.0,8177.75
2026-06-26,dine-in,59.0,6432.7
2026-06-27,dine-in,66.0,5930.7
2026-06-28,dine-in,62.0,6684.76
2026-06-29,dine-in,70.0,9403.46
2026-06-30,dine-in,66.0,6568.46
2026-07-01,dine-in,59.0,5790.76
2026-07-02,dine-in,42.0,4438.38
2026-07-03,dine-in,103.0,13051.66
2026-07-04,dine-in,65.0,6767.38
2026-07-05,dine-in,66.0,7848.2
2026-07-06,dine-in,60.0,5397.0
2026-07-07,dine-in,59.0,6220.99
2026-07-08,dine-in,54.0,4737.2
2026-07-09,dine-in,60.0,7180.26
2026-07-10,dine-in,66.0,8086.38
2026-07-11,dine-in,84.0,11408.4
2026-07-12,dine-in,64.0,7672.19
2026-07-13,dine-in,47.0,6102.64
2026-07-14,dine-in,68.0,8388.33
2026-07-15,dine-in,62.0,6457.33
2025-07-01,doordash,4.0,265.46
2025-07-02,doordash,10.0,763.11
2025-07-03,doordash,10.0,679.54
2025-07-04,doordash,9.0,582.7
2025-07-05,doordash,5.0,338.6
2025-07-06,doordash,11.0,625.84
2025-07-07,doordash,14.0,1479.22
2025-07-08,doordash,6.0,613.87
2025-07-09,doordash,6.0,320.4
2025-07-10,doordash,5.0,320.42
2025-07-11,doordash,11.0,781.75
2025-07-12,doordash,14.0,1213.35
2025-07-13,doordash,6.0,355.93
2025-07-14,doordash,5.0,447.02
2025-07-15,doordash,8.0,598.6
2025-07-16,doordash,16.0,1566.35
2025-07-17,doordash,9.0,762.89
2025-07-18,doordash,15.0,1790.09
2025-07-19,doordash,18.0,1535.63
2025-07-20,doordash,10.0,771.01
2025-07-21,doordash,6.0,485.35
2025-07-22,doordash,10.0,884.9
2025-07-23,doordash,9.0,612.28
2025-07-24,doordash,6.0,629.3
2025-07-25,doordash,19.0,1654.92
2025-07-26,doordash,16.0,1743.41
2025-07-27,doordash,12.0,539.26
2025-07-28,doordash,5.0,269.56
2025-07-29,doordash,10.0,700.03
2025-07-30,doordash,2.0,87.78
2025-07-31,doordash,15.0,1094.28
2025-08-01,doordash,12.0,1016.26
2025-08-02,doordash,10.0,733.63
2025-08-03,doordash,16.0,1048.05
2025-08-04,doordash,10.0,682.87
2025-08-05,doordash,12.0,835.32
2025-08-06,doordash,8.0,571.54
2025-08-07,doordash,15.0,907.75
2025-08-08,doordash,20.0,1124.68
2025-08-09,doordash,11.0,701.18
2025-08-10,doordash,7.0,474.62
2025-08-11,doordash,3.0,553.78
2025-08-12,doordash,9.0,670.49
2025-08-13,doordash,11.0,826.28
2025-08-14,doordash,6.0,347.93
2025-08-15,doordash,6.0,375.36
2025-08-16,doordash,18.0,1099.13
2025-08-17,doordash,13.0,1022.72
2025-08-18,doordash,16.0,1073.2
2025-08-19,doordash,4.0,273.09
2025-08-20,doordash,13.0,1069.94
2025-08-21,doordash,8.0,357.96
2025-08-22,doordash,8.0,605.41
2025-08-23,doordash,11.0,643.04
2025-08-24,doordash,14.0,628.5
2025-08-25,doordash,10.0,882.56
2025-08-26,doordash,6.0,434.73
2025-08-27,doordash,6.0,475.89
2025-08-28,doordash,20.0,1330.02
2025-08-29,doordash,11.0,768.54
2025-08-30,doordash,15.0,993.56
2025-08-31,doordash,11.0,889.3
2025-09-01,doordash,2.0,304.18
2025-09-02,doordash,6.0,545.53
2025-09-03,doordash,6.0,462.09
2025-09-04,doordash,14.0,939.33
2025-09-05,doordash,7.0,488.17
2025-09-06,doordash,9.0,531.87
2025-09-07,doordash,15.0,1326.91
2025-09-08,doordash,7.0,470.26
2025-09-09,doordash,13.0,926.28
2025-09-10,doordash,6.0,677.68
2025-09-11,doordash,11.0,723.76
2025-09-12,doordash,16.0,1082.77
2025-09-13,doordash,10.0,1145.8
2025-09-14,doordash,4.0,342.96
2025-09-15,doordash,13.0,792.33
2025-09-16,doordash,9.0,439.02
2025-09-17,doordash,13.0,910.72
2025-09-18,doordash,11.0,584.0
2025-09-19,doordash,13.0,786.84
2025-09-20,doordash,21.0,1471.84
2025-09-21,doordash,10.0,766.96
2025-09-22,doordash,10.0,665.56
2025-09-23,doordash,8.0,799.98
2025-09-24,doordash,12.0,800.89
2025-09-25,doordash,8.0,482.32
2025-09-26,doordash,6.0,442.3
2025-09-27,doordash,8.0,554.73
2025-09-28,doordash,12.0,1183.82
2025-09-29,doordash,9.0,1023.68
2025-09-30,doordash,10.0,426.79
2025-10-01,doordash,7.0,673.81
2025-10-02,doordash,14.0,905.48
2025-10-03,doordash,16.0,1724.81
2025-10-04,doordash,13.0,1296.6
2025-10-05,doordash,7.0,546.41
2025-10-06,doordash,16.0,1332.91
2025-10-07,doordash,10.0,943.18
2025-10-08,doordash,7.0,414.63
2025-10-09,doordash,10.0,681.83
2025-10-10,doordash,11.0,697.82
2025-10-11,doordash,14.0,1179.61
2025-10-12,doordash,13.0,974.1
2025-10-13,doordash,5.0,264.86
2025-10-14,doordash,8.0,461.78
2025-10-15,doordash,5.0,271.06
2025-10-16,doordash,5.0,329.62
2025-10-17,doordash,4.0,472.03
2025-10-18,doordash,10.0,449.17
2025-10-19,doordash,11.0,742.88
2025-10-20,doordash,6.0,448.84
2025-10-21,doordash,14.0,912.45
2025-10-22,doordash,6.0,418.98
2025-10-23,doordash,7.0,524.5
2025-10-24,doordash,6.0,580.52
2025-10-25,doordash,9.0,693.9
2025-10-26,doordash,8.0,452.56
2025-10-27,doordash,5.0,518.72
2025-10-28,doordash,15.0,981.65
2025-10-29,doordash,4.0,237.65
2025-10-30,doordash,7.0,826.73
2025-10-31,doordash,12.0,1127.0
2025-11-01,doordash,19.0,1342.59
2025-11-02,doordash,10.0,777.99
2025-11-03,doordash,6.0,291.76
2025-11-04,doordash,5.0,435.05
2025-11-05,doordash,8.0,474.1
2025-11-06,doordash,13.0,1271.35
2025-11-07,doordash,21.0,1806.77
2025-11-08,doordash,10.0,721.24
2025-11-09,doordash,8.0,544.36
2025-11-10,doordash,7.0,1057.32
2025-11-11,doordash,5.0,393.13
2025-11-12,doordash,17.0,1486.79
2025-11-13,doordash,9.0,812.23
2025-11-14,doordash,6.0,250.0
2025-11-15,doordash,17.0,1147.49
2025-11-16,doordash,9.0,519.06
2025-11-17,doordash,7.0,489.46
2025-11-18,doordash,8.0,604.8
2025-11-19,doordash,5.0,447.21
2025-11-20,doordash,9.0,808.61
2025-11-21,doordash,15.0,1654.66
2025-11-22,doordash,12.0,822.48
2025-11-23,doordash,6.0,338.78
2025-11-24,doordash,11.0,715.09
2025-11-25,doordash,9.0,547.75
2025-11-26,doordash,8.0,417.02
2025-11-27,doordash,13.0,1329.67
2025-11-28,doordash,10.0,780.22
2025-11-29,doordash,7.0,509.34
2025-11-30,doordash,8.0,624.23
2025-12-01,doordash,9.0,624.67
2025-12-02,doordash,6.0,375.7
2025-12-03,doordash,9.0,794.26
2025-12-04,doordash,3.0,123.61
2025-12-05,doordash,8.0,518.16
2025-12-06,doordash,6.0,316.94
2025-12-07,doordash,8.0,1321.68
2025-12-08,doordash,13.0,1197.83
2025-12-09,doordash,8.0,731.94
2025-12-10,doordash,4.0,473.77
2025-12-11,doordash,11.0,971.25
2025-12-12,doordash,8.0,529.64
2025-12-13,doordash,6.0,532.82
2025-12-14,doordash,16.0,1226.42
2025-12-15,doordash,6.0,334.51
2025-12-16,doordash,9.0,919.84
2025-12-17,doordash,7.0,353.09
2025-12-18,doordash,10.0,618.57
2025-12-19,doordash,5.0,256.46
2025-12-20,doordash,23.0,1729.78
2025-12-21,doordash,8.0,542.27
2025-12-22,doordash,6.0,399.26
2025-12-23,doordash,4.0,284.0
2025-12-24,doordash,6.0,738.55
2025-12-25,doordash,0.0,0.0
2025-12-26,doordash,7.0,382.67
2025-12-27,doordash,13.0,1313.06
2025-12-28,doordash,12.0,972.96
2025-12-29,doordash,9.0,587.87
2025-12-30,doordash,9.0,760.68
2025-12-31,doordash,14.0,740.22
2026-01-01,doordash,11.0,798.9
2026-01-02,doordash,13.0,1283.43
2026-01-03,doordash,6.0,432.74
2026-01-04,doordash,10.0,414.29
2026-01-05,doordash,6.0,467.66
2026-01-06,doordash,9.0,533.09
2026-01-07,doordash,7.0,288.09
2026-01-08,doordash,7.0,398.59
2026-01-09,doordash,13.0,956.12
2026-01-10,doordash,13.0,1323.13
2026-01-11,doordash,9.0,717.1
2026-01-12,doordash,6.0,327.2
2026-01-13,doordash,9.0,542.59
2026-01-14,doordash,6.0,249.84
2026-01-15,doordash,12.0,1342.32
2026-01-16,doordash,12.0,1096.18
2026-01-17,doordash,14.0,1157.66
2026-01-18,doordash,4.0,345.33
2026-01-19,doordash,3.0,143.09
2026-01-20,doordash,5.0,233.88
2026-01-21,doordash,7.0,379.77
2026-01-22,doordash,8.0,766.76
2026-01-23,doordash,11.0,1063.28
2026-01-24,doordash,11.0,667.44
2026-01-25,doordash,2.0,56.11
2026-01-26,doordash,8.0,774.35
2026-01-27,doordash,7.0,417.28
2026-01-28,doordash,10.0,881.31
2026-01-29,doordash,20.0,1198.61
2026-01-30,doordash,22.0,1406.81
2026-01-31,doordash,22.0,1556.56
2026-02-01,doordash,13.0,891.28
2026-02-02,doordash,2.0,132.92
2026-02-03,doordash,5.0,533.71
2026-02-04,doordash,14.0,937.57
2026-02-05,doordash,8.0,757.94
2026-02-06,doordash,15.0,964.39
2026-02-07,doordash,13.0,951.85
2026-02-08,doordash,3.0,178.31
2026-02-09,doordash,13.0,1072.85
2026-02-10,doordash,4.0,401.59
2026-02-11,doordash,7.0,748.01
2026-02-12,doordash,6.0,335.47
2026-02-13,doordash,8.0,533.63
2026-02-14,doordash,15.0,1147.66
2026-02-15,doordash,11.0,660.52
2026-02-16,doordash,10.0,666.18
2026-02-17,doordash,17.0,1589.46
2026-02-18,doordash,10.0,674.62
2026-02-19,doordash,9.0,706.56
2026-02-20,doordash,22.0,1794.07
2026-02-21,doordash,9.0,700.63
2026-02-22,doordash,6.0,775.24
2026-02-23,doordash,13.0,666.42
2026-02-24,doordash,9.0,530.46
2026-02-25,doordash,12.0,880.26
2026-02-26,doordash,15.0,1513.69
2026-02-27,doordash,15.0,1191.25
2026-02-28,doordash,12.0,859.77
2026-03-01,doordash,8.0,476.23
2026-03-02,doordash,2.0,108.94
2026-03-03,doordash,11.0,677.66
2026-03-04,doordash,11.0,1001.19
2026-03-05,doordash,14.0,1146.07
2026-03-06,doordash,6.0,350.78
2026-03-07,doordash,16.0,1297.6
2026-03-08,doordash,9.0,801.2
2026-03-09,doordash,5.0,372.72
2026-03-10,doordash,0.0,0.0
2026-03-11,doordash,13.0,1396.33
2026-03-12,doordash,8.0,657.47
2026-03-13,doordash,9.0,338.11
2026-03-14,doordash,9.0,542.87
2026-03-15,doordash,7.0,586.58
2026-03-16,doordash,8.0,455.37
2026-03-17,doordash,4.0,684.12
2026-03-18,doordash,8.0,334.35
2026-03-19,doordash,11.0,760.09
2026-03-20,doordash,15.0,794.93
2026-03-21,doordash,16.0,1157.92
2026-03-22,doordash,11.0,588.11
2026-03-23,doordash,5.0,355.07
2026-03-24,doordash,5.0,286.73
2026-03-25,doordash,8.0,361.48
2026-03-26,doordash,12.0,1026.3
2026-03-27,doordash,14.0,955.89
2026-03-28,doordash,9.0,1194.42
2026-03-29,doordash,9.0,835.99
2026-03-30,doordash,9.0,474.33
2026-03-31,doordash,2.0,70.68
2026-04-01,doordash,10.0,732.74
2026-04-02,doordash,11.0,910.55
2026-04-03,doordash,13.0,1076.56
2026-04-04,doordash,11.0,684.01
2026-04-05,doordash,12.0,757.87
2026-04-06,doordash,11.0,732.01
2026-04-07,doordash,10.0,811.17
2026-04-08,doordash,3.0,173.86
2026-04-09,doordash,7.0,386.41
2026-04-10,doordash,7.0,370.09
2026-04-11,doordash,8.0,469.41
2026-04-12,doordash,12.0,666.69
2026-04-13,doordash,7.0,598.62
2026-04-14,doordash,10.0,794.18
2026-04-15,doordash,5.0,399.57
2026-04-16,doordash,11.0,798.91
2026-04-17,doordash,20.0,1255.75
2026-04-18,doordash,13.0,978.8
2026-04-19,doordash,3.0,256.36
2026-04-20,doordash,11.0,845.43
2026-04-21,doordash,7.0,436.5
2026-04-22,doordash,8.0,501.97
2026-04-23,doordash,10.0,683.34
2026-04-24,doordash,13.0,1142.1
2026-04-25,doordash,13.0,819.93
2026-04-26,doordash,6.0,522.95
2026-04-27,doordash,13.0,681.55
2026-04-28,doordash,11.0,911.04
2026-04-29,doordash,10.0,706.39
2026-04-30,doordash,8.0,462.82
2026-05-01,doordash,12.0,904.36
2026-05-02,doordash,8.0,456.56
2026-05-03,doordash,4.0,284.1
2026-05-04,doordash,3.0,177.9
2026-05-05,doordash,8.0,904.5
2026-05-06,doordash,9.0,863.94
2026-05-07,doordash,7.0,488.7
2026-05-08,doordash,11.0,665.68
2026-05-09,doordash,13.0,793.54
2026-05-10,doordash,11.0,849.13
2026-05-11,doordash,6.0,770.72
2026-05-12,doordash,7.0,393.64
2026-05-13,doordash,13.0,1231.73
2026-05-14,doordash,13.0,637.97
2026-05-15,doordash,10.0,695.72
2026-05-16,doordash,21.0,1861.58
2026-05-17,doordash,13.0,1030.04
2026-05-18,doordash,4.0,173.58
2026-05-19,doordash,6.0,396.12
2026-05-20,doordash,10.0,548.65
2026-05-21,doordash,9.0,716.0
2026-05-22,doordash,15.0,1314.34
2026-05-23,doordash,14.0,978.98
2026-05-24,doordash,9.0,593.09
2026-05-25,doordash,10.0,897.5
2026-05-26,doordash,10.0,618.12
2026-05-27,doordash,12.0,675.93
2026-05-28,doordash,14.0,941.84
2026-05-29,doordash,24.0,1731.15
2026-05-30,doordash,16.0,1126.1
2026-05-31,doordash,5.0,307.88
2026-06-01,doordash,12.0,671.94
2026-06-02,doordash,6.0,278.41
2026-06-03,doordash,5.0,446.66
2026-06-04,doordash,10.0,727.69
2026-06-05,doordash,14.0,977.08
2026-06-06,doordash,12.0,597.56
2026-06-07,doordash,4.0,227.04
2026-06-08,doordash,10.0,1126.94
2026-06-09,doordash,4.0,357.53
2026-06-10,doordash,9.0,583.81
2026-06-11,doordash,8.0,431.62
2026-06-12,doordash,13.0,627.29
2026-06-13,doordash,11.0,1048.02
2026-06-14,doordash,5.0,352.37
2026-06-15,doordash,12.0,1254.52
2026-06-16,doordash,12.0,1248.23
2026-06-17,doordash,6.0,357.73
2026-06-18,doordash,11.0,775.02
2026-06-19,doordash,18.0,1760.14
2026-06-20,doordash,14.0,962.91
2026-06-21,doordash,10.0,1109.09
2026-06-22,doordash,13.0,1085.5
2026-06-23,doordash,8.0,490.8
2026-06-24,doordash,7.0,500.36
2026-06-25,doordash,5.0,521.6
2026-06-26,doordash,10.0,714.39
2026-06-27,doordash,16.0,1013.53
2026-06-28,doordash,10.0,617.85
2026-06-29,doordash,11.0,949.5
2026-06-30,doordash,4.0,237.36
2026-07-01,doordash,14.0,828.26
2026-07-02,doordash,10.0,524.46
2026-07-03,doordash,17.0,1263.43
2026-07-04,doordash,20.0,1041.38
2026-07-05,doordash,10.0,960.14
2026-07-06,doordash,7.0,352.96
2026-07-07,doordash,10.0,954.87
2026-07-08,doordash,9.0,665.69
2026-07-09,doordash,7.0,741.22
2026-07-10,doordash,8.0,666.55
2026-07-11,doordash,25.0,1729.53
2026-07-12,doordash,19.0,1294.06
2026-07-13,doordash,7.0,496.24
2026-07-14,doordash,15.0,879.47
2026-07-15,doordash,7.0,486.82
2025-07-01,takeout,8.0,599.5
2025-07-02,takeout,11.0,766.3
2025-07-03,takeout,14.0,916.17
2025-07-04,takeout,10.0,730.43
2025-07-05,takeout,15.0,707.27
2025-07-06,takeout,4.0,180.7
2025-07-07,takeout,6.0,322.32
2025-07-08,takeout,3.0,575.47
2025-07-09,takeout,3.0,180.81
2025-07-10,takeout,18.0,1152.99
2025-07-11,takeout,13.0,817.85
2025-07-12,takeout,10.0,872.18
2025-07-13,takeout,10.0,870.22
2025-07-14,takeout,8.0,434.45
2025-07-15,takeout,15.0,1063.1
2025-07-16,takeout,3.0,317.12
2025-07-17,takeout,8.0,485.67
2025-07-18,takeout,15.0,934.35
2025-07-19,takeout,11.0,886.4
2025-07-20,takeout,13.0,1055.47
2025-07-21,takeout,6.0,353.9
2025-07-22,takeout,11.0,641.25
2025-07-23,takeout,6.0,484.68
2025-07-24,takeout,10.0,564.18
2025-07-25,takeout,6.0,450.67
2025-07-26,takeout,10.0,651.08
2025-07-27,takeout,7.0,522.91
2025-07-28,takeout,6.0,283.1
2025-07-29,takeout,2.0,188.88
2025-07-30,takeout,9.0,530.29
2025-07-31,takeout,7.0,636.8
2025-08-01,takeout,9.0,710.88
2025-08-02,takeout,10.0,623.88
2025-08-03,takeout,7.0,594.39
2025-08-04,takeout,9.0,692.98
2025-08-05,takeout,6.0,520.83
2025-08-06,takeout,8.0,693.55
2025-08-07,takeout,10.0,651.78
2025-08-08,takeout,18.0,1042.08
2025-08-09,takeout,13.0,1030.83
2025-08-10,takeout,8.0,553.77
2025-08-11,takeout,8.0,405.36
2025-08-12,takeout,3.0,269.86
2025-08-13,takeout,7.0,369.83
2025-08-14,takeout,11.0,677.06
2025-08-15,takeout,19.0,1324.64
2025-08-16,takeout,9.0,711.5
2025-08-17,takeout,4.0,570.86
2025-08-18,takeout,19.0,871.47
2025-08-19,takeout,6.0,940.56
2025-08-20,takeout,9.0,610.21
2025-08-21,takeout,13.0,691.62
2025-08-22,takeout,9.0,559.28
2025-08-23,takeout,9.0,838.78
2025-08-24,takeout,7.0,346.85
2025-08-25,takeout,15.0,1159.85
2025-08-26,takeout,7.0,413.63
2025-08-27,takeout,13.0,852.19
2025-08-28,takeout,9.0,1124.2
2025-08-29,takeout,7.0,339.7
2025-08-30,takeout,11.0,639.15
2025-08-31,takeout,9.0,640.72
2025-09-01,takeout,4.0,127.86
2025-09-02,takeout,3.0,266.26
2025-09-03,takeout,9.0,480.08
2025-09-04,takeout,9.0,696.09
2025-09-05,takeout,13.0,842.77
2025-09-06,takeout,9.0,790.32
2025-09-07,takeout,8.0,877.13
2025-09-08,takeout,5.0,307.46
2025-09-09,takeout,13.0,1050.52
2025-09-10,takeout,8.0,456.65
2025-09-11,takeout,5.0,645.94
2025-09-12,takeout,11.0,906.41
2025-09-13,takeout,13.0,969.64
2025-09-14,takeout,14.0,1336.07
2025-09-15,takeout,9.0,573.35
2025-09-16,takeout,1.0,25.0
2025-09-17,takeout,7.0,435.4
2025-09-18,takeout,7.0,513.94
2025-09-19,takeout,14.0,769.19
2025-09-20,takeout,14.0,986.31
2025-09-21,takeout,9.0,679.94
2025-09-22,takeout,10.0,578.97
2025-09-23,takeout,5.0,234.86
2025-09-24,takeout,5.0,319.42
2025-09-25,takeout,5.0,623.18
2025-09-26,takeout,5.0,238.85
2025-09-27,takeout,15.0,1590.56
2025-09-28,takeout,9.0,916.36
2025-09-29,takeout,9.0,527.59
2025-09-30,takeout,8.0,518.04
2025-10-01,takeout,5.0,282.84
2025-10-02,takeout,8.0,425.88
2025-10-03,takeout,11.0,893.25
2025-10-04,takeout,12.0,807.93
2025-10-05,takeout,5.0,673.2
2025-10-06,takeout,8.0,535.13
2025-10-07,takeout,7.0,860.46
2025-10-08,takeout,7.0,559.23
2025-10-09,takeout,8.0,552.81
2025-10-10,takeout,6.0,366.44
2025-10-11,takeout,19.0,1212.17
2025-10-12,takeout,4.0,246.46
2025-10-13,takeout,12.0,701.87
2025-10-14,takeout,3.0,151.26
2025-10-15,takeout,4.0,788.25
2025-10-16,takeout,11.0,613.58
2025-10-17,takeout,9.0,599.88
2025-10-18,takeout,12.0,1023.92
2025-10-19,takeout,5.0,331.8
2025-10-20,takeout,5.0,300.24
2025-10-21,takeout,7.0,489.75
2025-10-22,takeout,6.0,434.58
2025-10-23,takeout,11.0,696.71
2025-10-24,takeout,14.0,1017.73
2025-10-25,takeout,7.0,454.15
2025-10-26,takeout,9.0,573.03
2025-10-27,takeout,8.0,638.64
2025-10-28,takeout,3.0,117.08
2025-10-29,takeout,7.0,313.76
2025-10-30,takeout,9.0,850.14
2025-10-31,takeout,7.0,600.83
2025-11-01,takeout,14.0,1078.04
2025-11-02,takeout,14.0,690.34
2025-11-03,takeout,10.0,790.25
2025-11-04,takeout,9.0,548.22
2025-11-05,takeout,5.0,432.25
2025-11-06,takeout,12.0,627.31
2025-11-07,takeout,10.0,721.05
2025-11-08,takeout,11.0,848.85
2025-11-09,takeout,5.0,349.89
2025-11-10,takeout,2.0,95.37
2025-11-11,takeout,10.0,646.25
2025-11-12,takeout,9.0,739.32
2025-11-13,takeout,11.0,1042.44
2025-11-14,takeout,13.0,654.76
2025-11-15,takeout,10.0,789.55
2025-11-16,takeout,13.0,979.74
2025-11-17,takeout,8.0,629.34
2025-11-18,takeout,6.0,459.87
2025-11-19,takeout,20.0,1122.52
2025-11-20,takeout,7.0,538.48
2025-11-21,takeout,13.0,1096.51
2025-11-22,takeout,5.0,340.68
2025-11-23,takeout,8.0,599.79
2025-11-24,takeout,5.0,500.9
2025-11-25,takeout,3.0,137.95
2025-11-26,takeout,8.0,556.78
2025-11-27,takeout,8.0,610.61
2025-11-28,takeout,12.0,968.25
2025-11-29,takeout,14.0,1350.11
2025-11-30,takeout,7.0,416.35
2025-12-01,takeout,8.0,414.68
2025-12-02,takeout,10.0,676.32
2025-12-03,takeout,7.0,449.09
2025-12-04,takeout,6.0,730.38
2025-12-05,takeout,8.0,458.99
2025-12-06,takeout,11.0,747.95
2025-12-07,takeout,6.0,448.91
2025-12-08,takeout,8.0,641.61
2025-12-09,takeout,8.0,590.68
2025-12-10,takeout,3.0,160.7
2025-12-11,takeout,7.0,371.99
2025-12-12,takeout,7.0,449.49
2025-12-13,takeout,6.0,477.19
2025-12-14,takeout,15.0,1057.62
2025-12-15,takeout,7.0,567.97
2025-12-16,takeout,5.0,347.87
2025-12-17,takeout,6.0,419.51
2025-12-18,takeout,15.0,975.95
2025-12-19,takeout,13.0,1312.65
2025-12-20,takeout,17.0,1381.47
2025-12-21,takeout,4.0,250.4
2025-12-22,takeout,5.0,359.59
2025-12-23,takeout,6.0,529.29
2025-12-24,takeout,6.0,304.04
2025-12-25,takeout,0.0,0.0
2025-12-26,takeout,9.0,553.65
2025-12-27,takeout,6.0,429.53
2025-12-28,takeout,10.0,641.23
2025-12-29,takeout,3.0,86.4
2025-12-30,takeout,8.0,431.96
2025-12-31,takeout,8.0,1252.61
2026-01-01,takeout,4.0,369.73
2026-01-02,takeout,9.0,778.99
2026-01-03,takeout,17.0,1253.33
2026-01-04,takeout,13.0,901.36
2026-01-05,takeout,8.0,476.35
2026-01-06,takeout,5.0,566.56
2026-01-07,takeout,11.0,701.79
2026-01-08,takeout,9.0,781.84
2026-01-09,takeout,7.0,441.49
2026-01-10,takeout,15.0,828.21
2026-01-11,takeout,5.0,231.25
2026-01-12,takeout,7.0,480.12
2026-01-13,takeout,9.0,558.63
2026-01-14,takeout,4.0,345.32
2026-01-15,takeout,6.0,449.16
2026-01-16,takeout,15.0,808.08
2026-01-17,takeout,9.0,527.73
2026-01-18,takeout,7.0,375.94
2026-01-19,takeout,7.0,1053.67
2026-01-20,takeout,12.0,690.67
2026-01-21,takeout,4.0,117.06
2026-01-22,takeout,8.0,583.12
2026-01-23,takeout,8.0,645.02
2026-01-24,takeout,14.0,1342.37
2026-01-25,takeout,7.0,311.45
2026-01-26,takeout,3.0,173.22
2026-01-27,takeout,7.0,845.58
2026-01-28,takeout,9.0,719.6
2026-01-29,takeout,4.0,312.99
2026-01-30,takeout,6.0,359.51
2026-01-31,takeout,10.0,636.71
2026-02-01,takeout,8.0,534.69
2026-02-02,takeout,5.0,437.12
2026-02-03,takeout,3.0,137.78
2026-02-04,takeout,4.0,131.18
2026-02-05,takeout,8.0,846.1
2026-02-06,takeout,11.0,718.46
2026-02-07,takeout,13.0,611.16
2026-02-08,takeout,8.0,820.1
2026-02-09,takeout,2.0,141.13
2026-02-10,takeout,7.0,512.27
2026-02-11,takeout,5.0,214.61
2026-02-12,takeout,8.0,584.21
2026-02-13,takeout,14.0,1854.44
2026-02-14,takeout,21.0,985.68
2026-02-15,takeout,12.0,895.18
2026-02-16,takeout,5.0,168.74
2026-02-17,takeout,11.0,708.41
2026-02-18,takeout,8.0,404.63
2026-02-19,takeout,6.0,362.38
2026-02-20,takeout,7.0,346.69
2026-02-21,takeout,13.0,996.51
2026-02-22,takeout,8.0,512.49
2026-02-23,takeout,6.0,306.42
2026-02-24,takeout,2.0,110.14
2026-02-25,takeout,8.0,295.82
2026-02-26,takeout,8.0,725.36
2026-02-27,takeout,11.0,865.26
2026-02-28,takeout,13.0,1246.59
2026-03-01,takeout,10.0,703.58
2026-03-02,takeout,8.0,637.01
2026-03-03,takeout,3.0,278.03
2026-03-04,takeout,7.0,486.52
2026-03-05,takeout,11.0,692.24
2026-03-06,takeout,11.0,906.9
2026-03-07,takeout,20.0,1612.89
2026-03-08,takeout,11.0,649.53
2026-03-09,takeout,7.0,347.09
2026-03-10,takeout,6.0,734.18
2026-03-11,takeout,7.0,524.45
2026-03-12,takeout,8.0,484.56
2026-03-13,takeout,5.0,218.38
2026-03-14,takeout,9.0,599.71
2026-03-15,takeout,9.0,656.35
2026-03-16,takeout,5.0,494.3
2026-03-17,takeout,4.0,195.19
2026-03-18,takeout,5.0,462.48
2026-03-19,takeout,11.0,644.04
2026-03-20,takeout,8.0,354.78
2026-03-21,takeout,20.0,1624.93
2026-03-22,takeout,9.0,533.95
2026-03-23,takeout,8.0,524.72
2026-03-24,takeout,4.0,188.71
2026-03-25,takeout,9.0,856.71
2026-03-26,takeout,12.0,647.6
2026-03-27,takeout,10.0,731.75
2026-03-28,takeout,3.0,251.31
2026-03-29,takeout,5.0,466.95
2026-03-30,takeout,5.0,254.72
2026-03-31,takeout,13.0,836.27
2026-04-01,takeout,10.0,558.52
2026-04-02,takeout,9.0,578.2
2026-04-03,takeout,16.0,880.1
2026-04-04,takeout,19.0,1272.86
2026-04-05,takeout,7.0,491.64
2026-04-06,takeout,6.0,516.89
2026-04-07,takeout,11.0,395.81
2026-04-08,takeout,11.0,747.07
2026-04-09,takeout,9.0,639.28
2026-04-10,takeout,13.0,1102.42
2026-04-11,takeout,15.0,986.41
2026-04-12,takeout,8.0,315.35
2026-04-13,takeout,20.0,1403.13
2026-04-14,takeout,12.0,803.57
2026-04-15,takeout,6.0,250.25
2026-04-16,takeout,6.0,390.74
2026-04-17,takeout,15.0,1033.69
2026-04-18,takeout,13.0,937.07
2026-04-19,takeout,5.0,235.62
2026-04-20,takeout,13.0,777.28
2026-04-21,takeout,10.0,593.79
2026-04-22,takeout,8.0,544.04
2026-04-23,takeout,9.0,777.42
2026-04-24,takeout,11.0,664.27
2026-04-25,takeout,8.0,970.86
2026-04-26,takeout,9.0,560.5
2026-04-27,takeout,11.0,1105.69
2026-04-28,takeout,7.0,470.36
2026-04-29,takeout,8.0,426.92
2026-04-30,takeout,7.0,455.96
2026-05-01,takeout,9.0,587.48
2026-05-02,takeout,11.0,717.89
2026-05-03,takeout,7.0,477.48
2026-05-04,takeout,6.0,290.35
2026-05-05,takeout,8.0,512.84
2026-05-06,takeout,10.0,773.25
2026-05-07,takeout,5.0,540.34
2026-05-08,takeout,10.0,575.34
2026-05-09,takeout,12.0,1013.18
2026-05-10,takeout,14.0,748.3
2026-05-11,takeout,13.0,829.54
2026-05-12,takeout,9.0,657.84
2026-05-13,takeout,7.0,430.27
2026-05-14,takeout,7.0,456.72
2026-05-15,takeout,9.0,620.87
2026-05-16,takeout,14.0,770.77
2026-05-17,takeout,6.0,323.07
2026-05-18,takeout,9.0,458.41
2026-05-19,takeout,6.0,423.24
2026-05-20,takeout,7.0,597.59
2026-05-21,takeout,12.0,778.69
2026-05-22,takeout,14.0,1030.08
2026-05-23,takeout,5.0,284.19
2026-05-24,takeout,8.0,542.71
2026-05-25,takeout,10.0,960.36
2026-05-26,takeout,10.0,622.07
2026-05-27,takeout,7.0,488.24
2026-05-28,takeout,10.0,608.99
2026-05-29,takeout,17.0,1073.36
2026-05-30,takeout,9.0,563.82
2026-05-31,takeout,8.0,419.02
2026-06-01,takeout,7.0,411.21
2026-06-02,takeout,9.0,388.83
2026-06-03,takeout,5.0,579.37
2026-06-04,takeout,6.0,301.91
2026-06-05,takeout,12.0,865.96
2026-06-06,takeout,5.0,442.33
2026-06-07,takeout,10.0,788.87
2026-06-08,takeout,10.0,685.54
2026-06-09,takeout,11.0,709.6
2026-06-10,takeout,9.0,456.79
2026-06-11,takeout,6.0,267.12
2026-06-12,takeout,15.0,1097.82
2026-06-13,takeout,16.0,1232.21
2026-06-14,takeout,7.0,549.57
2026-06-15,takeout,2.0,82.56
2026-06-16,takeout,5.0,411.82
2026-06-17,takeout,12.0,1522.28
2026-06-18,takeout,10.0,734.55
2026-06-19,takeout,15.0,1070.27
2026-06-20,takeout,9.0,656.63
2026-06-21,takeout,9.0,407.17
2026-06-22,takeout,8.0,385.35
2026-06-23,takeout,10.0,601.79
2026-06-24,takeout,11.0,684.35
2026-06-25,takeout,10.0,1110.7
2026-06-26,takeout,14.0,1006.17
2026-06-27,takeout,10.0,746.26
2026-06-28,takeout,8.0,479.85
2026-06-29,takeout,6.0,469.08
2026-06-30,takeout,12.0,895.39
2026-07-01,takeout,11.0,664.17
2026-07-02,takeout,9.0,713.81
2026-07-03,takeout,17.0,1293.28
2026-07-04,takeout,10.0,940.91
2026-07-05,takeout,14.0,768.72
2026-07-06,takeout,9.0,464.85
2026-07-07,takeout,5.0,294.43
2026-07-08,takeout,5.0,794.17
2026-07-09,takeout,7.0,552.65
2026-07-10,takeout,21.0,1414.03
2026-07-11,takeout,17.0,1410.46
2026-07-12,takeout,10.0,707.07
2026-07-13,takeout,10.0,630.34
2026-07-14,takeout,11.0,622.6
2026-07-15,takeout,8.0,777.75
2025-07-01,ubereats,20.0,1547.93
2025-07-02,ubereats,15.0,941.47
2025-07-03,ubereats,6.0,254.11
2025-07-04,ubereats,10.0,649.24
2025-07-05,ubereats,22.0,1418.43
2025-07-06,ubereats,12.0,682.3
2025-07-07,ubereats,7.0,739.99
2025-07-08,ubereats,13.0,732.44
2025-07-09,ubereats,19.0,1119.59
2025-07-10,ubereats,10.0,858.97
2025-07-11,ubereats,10.0,708.41
2025-07-12,ubereats,14.0,917.87
2025-07-13,ubereats,5.0,452.01
2025-07-14,ubereats,5.0,360.89
2025-07-15,ubereats,7.0,512.36
2025-07-16,ubereats,7.0,424.24
2025-07-17,ubereats,11.0,703.0
2025-07-18,ubereats,10.0,759.21
2025-07-19,ubereats,26.0,3215.32
2025-07-20,ubereats,14.0,1128.62
2025-07-21,ubereats,11.0,573.4
2025-07-22,ubereats,12.0,1421.72
2025-07-23,ubereats,13.0,1229.48
2025-07-24,ubereats,11.0,705.11
2025-07-25,ubereats,18.0,1570.29
2025-07-26,ubereats,24.0,1857.45
2025-07-27,ubereats,6.0,255.25
2025-07-28,ubereats,9.0,608.45
2025-07-29,ubereats,16.0,1036.04
2025-07-30,ubereats,13.0,716.26
2025-07-31,ubereats,18.0,1730.95
2025-08-01,ubereats,20.0,1529.52
2025-08-02,ubereats,16.0,1300.77
2025-08-03,ubereats,11.0,1072.68
2025-08-04,ubereats,10.0,734.56
2025-08-05,ubereats,17.0,993.02
2025-08-06,ubereats,8.0,419.13
2025-08-07,ubereats,7.0,472.62
2025-08-08,ubereats,19.0,1497.41
2025-08-09,ubereats,18.0,1021.88
2025-08-10,ubereats,19.0,1423.57
2025-08-11,ubereats,6.0,663.01
2025-08-12,ubereats,12.0,654.84
2025-08-13,ubereats,18.0,1508.23
2025-08-14,ubereats,6.0,221.78
2025-08-15,ubereats,6.0,548.56
2025-08-16,ubereats,22.0,1586.04
2025-08-17,ubereats,11.0,821.16
2025-08-18,ubereats,13.0,1007.94
2025-08-19,ubereats,5.0,268.16
2025-08-20,ubereats,8.0,562.71
2025-08-21,ubereats,12.0,1129.43
2025-08-22,ubereats,11.0,793.7
2025-08-23,ubereats,22.0,1519.47
2025-08-24,ubereats,24.0,2035.36
2025-08-25,ubereats,8.0,393.88
2025-08-26,ubereats,11.0,738.01
2025-08-27,ubereats,13.0,1138.18
2025-08-28,ubereats,13.0,853.43
2025-08-29,ubereats,16.0,1161.36
2025-08-30,ubereats,19.0,1459.87
2025-08-31,ubereats,20.0,1154.9
2025-09-01,ubereats,8.0,463.28
2025-09-02,ubereats,7.0,403.18
2025-09-03,ubereats,7.0,468.77
2025-09-04,ubereats,14.0,1402.64
2025-09-05,ubereats,16.0,1278.44
2025-09-06,ubereats,18.0,1085.29
2025-09-07,ubereats,5.0,328.5
2025-09-08,ubereats,10.0,644.11
2025-09-09,ubereats,16.0,987.51
2025-09-10,ubereats,7.0,330.4
2025-09-11,ubereats,16.0,1238.98
2025-09-12,ubereats,15.0,815.48
2025-09-13,ubereats,13.0,1015.15
2025-09-14,ubereats,14.0,1020.9
2025-09-15,ubereats,7.0,446.38
2025-09-16,ubereats,9.0,685.31
2025-09-17,ubereats,8.0,656.15
2025-09-18,ubereats,16.0,1035.5
2025-09-19,ubereats,12.0,840.06
2025-09-20,ubereats,12.0,1025.68
2025-09-21,ubereats,9.0,456.33
2025-09-22,ubereats,12.0,1072.27
2025-09-23,ubereats,10.0,1216.26
2025-09-24,ubereats,7.0,696.15
2025-09-25,ubereats,9.0,729.24
2025-09-26,ubereats,12.0,1267.62
2025-09-27,ubereats,10.0,597.0
2025-09-28,ubereats,10.0,608.11
2025-09-29,ubereats,11.0,1225.06
2025-09-30,ubereats,10.0,741.71
2025-10-01,ubereats,15.0,1006.31
2025-10-02,ubereats,16.0,1062.71
2025-10-03,ubereats,20.0,1045.78
2025-10-04,ubereats,14.0,805.78
2025-10-05,ubereats,6.0,351.8
2025-10-06,ubereats,3.0,102.17
2025-10-07,ubereats,11.0,1113.15
2025-10-08,ubereats,15.0,1148.07
2025-10-09,ubereats,7.0,563.59
2025-10-10,ubereats,16.0,1014.77
2025-10-11,ubereats,7.0,385.1
2025-10-12,ubereats,13.0,1329.16
2025-10-13,ubereats,7.0,435.07
2025-10-14,ubereats,13.0,849.34
2025-10-15,ubereats,17.0,1649.07
2025-10-16,ubereats,3.0,125.96
2025-10-17,ubereats,11.0,559.23
2025-10-18,ubereats,12.0,1057.95
2025-10-19,ubereats,18.0,1013.87
2025-10-20,ubereats,6.0,363.2
2025-10-21,ubereats,13.0,655.14
2025-10-22,ubereats,9.0,417.37
2025-10-23,ubereats,5.0,436.67
2025-10-24,ubereats,21.0,1385.84
2025-10-25,ubereats,24.0,2244.73
2025-10-26,ubereats,9.0,484.41
2025-10-27,ubereats,9.0,634.21
2025-10-28,ubereats,12.0,882.36
2025-10-29,ubereats,7.0,828.32
2025-10-30,ubereats,17.0,1153.46
2025-10-31,ubereats,18.0,1283.59
2025-11-01,ubereats,13.0,1098.45
2025-11-02,ubereats,9.0,775.01
2025-11-03,ubereats,4.0,235.05
2025-11-04,ubereats,11.0,489.41
2025-11-05,ubereats,6.0,407.8
2025-11-06,ubereats,12.0,1229.25
2025-11-07,ubereats,17.0,1216.4
2025-11-08,ubereats,18.0,967.4
2025-11-09,ubereats,4.0,173.13
2025-11-10,ubereats,8.0,520.86
2025-11-11,ubereats,8.0,767.68
2025-11-12,ubereats,11.0,640.48
2025-11-13,ubereats,11.0,864.65
2025-11-14,ubereats,11.0,910.84
2025-11-15,ubereats,6.0,358.15
2025-11-16,ubereats,12.0,794.98
2025-11-17,ubereats,16.0,1218.63
2025-11-18,ubereats,14.0,975.73
2025-11-19,ubereats,15.0,1225.06
2025-11-20,ubereats,11.0,787.64
2025-11-21,ubereats,21.0,1601.94
2025-11-22,ubereats,9.0,716.02
2025-11-23,ubereats,13.0,1051.6
2025-11-24,ubereats,9.0,1009.67
2025-11-25,ubereats,12.0,879.41
2025-11-26,ubereats,8.0,416.39
2025-11-27,ubereats,6.0,326.66
2025-11-28,ubereats,15.0,1098.18
2025-11-29,ubereats,17.0,1049.93
2025-11-30,ubereats,13.0,1162.55
2025-12-01,ubereats,7.0,455.08
2025-12-02,ubereats,13.0,948.58
2025-12-03,ubereats,13.0,723.86
2025-12-04,ubereats,16.0,1108.74
2025-12-05,ubereats,10.0,698.83
2025-12-06,ubereats,12.0,771.41
2025-12-07,ubereats,14.0,874.91
2025-12-08,ubereats,4.0,196.15
2025-12-09,ubereats,11.0,702.12
2025-12-10,ubereats,6.0,258.95
2025-12-11,ubereats,12.0,728.88
2025-12-12,ubereats,15.0,816.21
2025-12-13,ubereats,9.0,733.71
2025-12-14,ubereats,12.0,928.35
2025-12-15,ubereats,14.0,1033.9
2025-12-16,ubereats,7.0,658.16
2025-12-17,ubereats,10.0,686.07
2025-12-18,ubereats,12.0,1284.1
2025-12-19,ubereats,19.0,1130.21
2025-12-20,ubereats,13.0,1027.87
2025-12-21,ubereats,9.0,521.05
2025-12-22,ubereats,7.0,445.63
2025-12-23,ubereats,9.0,802.43
2025-12-24,ubereats,11.0,957.73
2025-12-25,ubereats,0.0,0.0
2025-12-26,ubereats,16.0,1661.6
2025-12-27,ubereats,13.0,1316.77
2025-12-28,ubereats,17.0,1423.02
2025-12-29,ubereats,10.0,786.81
2025-12-30,ubereats,9.0,941.37
2025-12-31,ubereats,16.0,1301.31
2026-01-01,ubereats,11.0,715.61
2026-01-02,ubereats,13.0,732.96
2026-01-03,ubereats,9.0,558.72
2026-01-04,ubereats,15.0,1084.16
2026-01-05,ubereats,8.0,613.58
2026-01-06,ubereats,9.0,615.31
2026-01-07,ubereats,13.0,849.87
2026-01-08,ubereats,16.0,1221.3
2026-01-09,ubereats,23.0,1527.7
2026-01-10,ubereats,18.0,1011.03
2026-01-11,ubereats,19.0,1106.77
2026-01-12,ubereats,4.0,248.12
2026-01-13,ubereats,11.0,898.09
2026-01-14,ubereats,10.0,800.24
2026-01-15,ubereats,14.0,910.38
2026-01-16,ubereats,19.0,1269.36
2026-01-17,ubereats,14.0,916.41
2026-01-18,ubereats,9.0,637.4
2026-01-19,ubereats,10.0,545.07
2026-01-20,ubereats,7.0,555.81
2026-01-21,ubereats,13.0,583.45
2026-01-22,ubereats,14.0,1449.03
2026-01-23,ubereats,9.0,431.59
2026-01-24,ubereats,9.0,616.6
2026-01-25,ubereats,7.0,624.12
2026-01-26,ubereats,8.0,394.76
2026-01-27,ubereats,14.0,878.76
2026-01-28,ubereats,10.0,610.84
2026-01-29,ubereats,11.0,1018.38
2026-01-30,ubereats,11.0,759.6
2026-01-31,ubereats,17.0,1321.32
2026-02-01,ubereats,8.0,573.94
2026-02-02,ubereats,14.0,1586.39
2026-02-03,ubereats,9.0,644.95
2026-02-04,ubereats,16.0,1068.02
2026-02-05,ubereats,13.0,866.04
2026-02-06,ubereats,13.0,911.82
2026-02-07,ubereats,21.0,1401.13
2026-02-08,ubereats,7.0,405.02
2026-02-09,ubereats,15.0,1067.0
2026-02-10,ubereats,9.0,523.45
2026-02-11,ubereats,3.0,509.6
2026-02-12,ubereats,6.0,598.98
2026-02-13,ubereats,25.0,2092.31
2026-02-14,ubereats,17.0,1511.27
2026-02-15,ubereats,12.0,1017.56
2026-02-16,ubereats,3.0,305.02
2026-02-17,ubereats,14.0,1348.29
2026-02-18,ubereats,14.0,1075.05
2026-02-19,ubereats,11.0,993.25
2026-02-20,ubereats,6.0,322.85
2026-02-21,ubereats,16.0,1019.36
2026-02-22,ubereats,10.0,1127.19
2026-02-23,ubereats,10.0,1250.23
2026-02-24,ubereats,22.0,1541.15
2026-02-25,ubereats,6.0,404.79
2026-02-26,ubereats,8.0,491.35
2026-02-27,ubereats,14.0,1354.4
2026-02-28,ubereats,10.0,576.77
2026-03-01,ubereats,13.0,947.67
2026-03-02,ubereats,11.0,745.98
2026-03-03,ubereats,10.0,705.93
2026-03-04,ubereats,7.0,381.15
2026-03-05,ubereats,11.0,847.08
2026-03-06,ubereats,16.0,1226.76
2026-03-07,ubereats,20.0,1532.9
2026-03-08,ubereats,20.0,1399.56
2026-03-09,ubereats,7.0,534.47
2026-03-10,ubereats,8.0,406.79
2026-03-11,ubereats,15.0,1344.77
2026-03-12,ubereats,19.0,1350.36
2026-03-13,ubereats,20.0,1081.49
2026-03-14,ubereats,7.0,656.02
2026-03-15,ubereats,14.0,1066.45
2026-03-16,ubereats,6.0,417.22
2026-03-17,ubereats,7.0,677.78
2026-03-18,ubereats,14.0,990.06
2026-03-19,ubereats,7.0,527.1
2026-03-20,ubereats,15.0,1256.48
2026-03-21,ubereats,14.0,1252.64
2026-03-22,ubereats,9.0,436.75
2026-03-23,ubereats,13.0,712.27
2026-03-24,ubereats,10.0,737.14
2026-03-25,ubereats,10.0,1200.74
2026-03-26,ubereats,15.0,969.69
2026-03-27,ubereats,9.0,659.24
2026-03-28,ubereats,23.0,2293.22
2026-03-29,ubereats,11.0,525.37
2026-03-30,ubereats,9.0,506.29
2026-03-31,ubereats,15.0,1213.04
2026-04-01,ubereats,10.0,880.36
2026-04-02,ubereats,11.0,512.84
2026-04-03,ubereats,14.0,1428.92
2026-04-04,ubereats,14.0,1121.53
2026-04-05,ubereats,10.0,602.0
2026-04-06,ubereats,8.0,480.78
2026-04-07,ubereats,11.0,1371.16
2026-04-08,ubereats,6.0,460.98
2026-04-09,ubereats,14.0,1258.31
2026-04-10,ubereats,25.0,1561.8
2026-04-11,ubereats,28.0,2248.61
2026-04-12,ubereats,8.0,588.4
2026-04-13,ubereats,8.0,535.1
2026-04-14,ubereats,12.0,919.15
2026-04-15,ubereats,9.0,563.57
2026-04-16,ubereats,7.0,704.54
2026-04-17,ubereats,13.0,763.84
2026-04-18,ubereats,25.0,1691.38
2026-04-19,ubereats,13.0,641.25
2026-04-20,ubereats,8.0,720.05
2026-04-21,ubereats,11.0,977.71
2026-04-22,ubereats,8.0,572.99
2026-04-23,ubereats,9.0,564.12
2026-04-24,ubereats,10.0,531.79
2026-04-25,ubereats,15.0,1127.91
2026-04-26,ubereats,15.0,901.24
2026-04-27,ubereats,13.0,643.65
2026-04-28,ubereats,14.0,913.22
2026-04-29,ubereats,16.0,1102.31
2026-04-30,ubereats,11.0,643.87
2026-05-01,ubereats,13.0,1042.26
2026-05-02,ubereats,13.0,1037.23
2026-05-03,ubereats,15.0,1188.45
2026-05-04,ubereats,5.0,405.76
2026-05-05,ubereats,6.0,900.09
2026-05-06,ubereats,7.0,421.72
2026-05-07,ubereats,11.0,671.23
2026-05-08,ubereats,17.0,1289.36
2026-05-09,ubereats,15.0,1536.68
2026-05-10,ubereats,11.0,1055.89
2026-05-11,ubereats,16.0,1275.62
2026-05-12,ubereats,5.0,308.49
2026-05-13,ubereats,11.0,1073.39
2026-05-14,ubereats,13.0,1123.72
2026-05-15,ubereats,26.0,1888.54
2026-05-16,ubereats,10.0,663.95
2026-05-17,ubereats,15.0,971.85
2026-05-18,ubereats,9.0,850.92
2026-05-19,ubereats,8.0,782.53
2026-05-20,ubereats,7.0,503.46
2026-05-21,ubereats,14.0,1618.58
2026-05-22,ubereats,5.0,214.5
2026-05-23,ubereats,10.0,727.24
2026-05-24,ubereats,12.0,1052.69
2026-05-25,ubereats,7.0,530.57
2026-05-26,ubereats,20.0,1567.79
2026-05-27,ubereats,12.0,1130.22
2026-05-28,ubereats,12.0,1033.94
2026-05-29,ubereats,17.0,942.09
2026-05-30,ubereats,22.0,1541.87
2026-05-31,ubereats,10.0,560.6
2026-06-01,ubereats,7.0,612.44
2026-06-02,ubereats,7.0,422.01
2026-06-03,ubereats,4.0,286.46
2026-06-04,ubereats,12.0,992.85
2026-06-05,ubereats,18.0,1062.59
2026-06-06,ubereats,16.0,984.16
2026-06-07,ubereats,20.0,1421.52
2026-06-08,ubereats,9.0,648.2
2026-06-09,ubereats,4.0,223.65
2026-06-10,ubereats,13.0,1455.31
2026-06-11,ubereats,8.0,761.6
2026-06-12,ubereats,9.0,490.39
2026-06-13,ubereats,14.0,1192.33
2026-06-14,ubereats,23.0,1451.98
2026-06-15,ubereats,5.0,215.08
2026-06-16,ubereats,14.0,1008.5
2026-06-17,ubereats,11.0,665.84
2026-06-18,ubereats,13.0,544.41
2026-06-19,ubereats,12.0,610.29
2026-06-20,ubereats,9.0,707.02
2026-06-21,ubereats,14.0,857.96
2026-06-22,ubereats,8.0,886.0
2026-06-23,ubereats,18.0,1865.95
2026-06-24,ubereats,10.0,734.42
2026-06-25,ubereats,5.0,323.82
2026-06-26,ubereats,11.0,923.6
2026-06-27,ubereats,11.0,676.72
2026-06-28,ubereats,11.0,1034.8
2026-06-29,ubereats,15.0,941.66
2026-06-30,ubereats,11.0,812.3
2026-07-01,ubereats,7.0,527.6
2026-07-02,ubereats,10.0,891.08
2026-07-03,ubereats,20.0,1630.84
2026-07-04,ubereats,13.0,914.45
2026-07-05,ubereats,13.0,1268.72
2026-07-06,ubereats,10.0,1002.55
2026-07-07,ubereats,15.0,1098.68
2026-07-08,ubereats,25.0,1541.87
2026-07-09,ubereats,15.0,1346.07
2026-07-10,ubereats,9.0,678.51
2026-07-11,ubereats,9.0,639.84
2026-07-12,ubereats,14.0,826.55
2026-07-13,ubereats,8.0,872.92
2026-07-14,ubereats,8.0,566.2
2026-07-15,ubereats,14.0,764.91
